file,line,type,commit,author,date,time,timezone,datetime,depth,length
style.css,1,css,21aa7bb8,Dylan Berry,2025-10-09,17:44:06,-07:00,2025-10-09T17:44:06-07:00,0,4
style.css,2,css,21aa7bb8,Dylan Berry,2025-10-09,17:44:06,-07:00,2025-10-09T17:44:06-07:00,1,31
style.css,3,css,21aa7bb8,Dylan Berry,2025-10-09,17:44:06,-07:00,2025-10-09T17:44:06-07:00,1,32
style.css,4,css,0d696ac4,Dylan Berry,2025-10-16,16:56:44,-07:00,2025-10-16T16:56:44-07:00,1,16
style.css,5,css,21aa7bb8,Dylan Berry,2025-10-09,17:44:06,-07:00,2025-10-09T17:44:06-07:00,0,0
style.css,6,css,21aa7bb8,Dylan Berry,2025-10-09,17:44:06,-07:00,2025-10-09T17:44:06-07:00,0,0
style.css,7,css,5a787265,Dylan Berry,2025-10-02,15:34:45,-07:00,2025-10-02T15:34:45-07:00,0,4
style.css,8,css,5a787265,Dylan Berry,2025-10-02,15:34:45,-07:00,2025-10-02T15:34:45-07:00,1,43
style.css,9,css,5a787265,Dylan Berry,2025-10-02,15:34:45,-07:00,2025-10-02T15:34:45-07:00,0,42
style.css,10,css,5a787265,Dylan Berry,2025-10-02,15:34:45,-07:00,2025-10-02T15:34:45-07:00,0,0
style.css,11,css,b18afa9b,Dylan Berry,2025-10-09,18:11:30,-07:00,2025-10-09T18:11:30-07:00,1,15
style.css,12,css,5a787265,Dylan Berry,2025-10-02,15:34:45,-07:00,2025-10-02T15:34:45-07:00,1,23
style.css,13,css,effe0a00,Dylan Berry,2025-10-09,17:21:09,-07:00,2025-10-09T17:21:09-07:00,1,17
style.css,14,css,effe0a00,Dylan Berry,2025-10-09,17:21:09,-07:00,2025-10-09T17:21:09-07:00,1,10
style.css,15,css,effe0a00,Dylan Berry,2025-10-09,17:21:09,-07:00,2025-10-09T17:21:09-07:00,0,0
style.css,16,css,effe0a00,Dylan Berry,2025-10-09,17:21:09,-07:00,2025-10-09T17:21:09-07:00,0,3
style.css,17,css,0d696ac4,Dylan Berry,2025-10-16,16:56:44,-07:00,2025-10-16T16:56:44-07:00,1,39
style.css,18,css,0d696ac4,Dylan Berry,2025-10-16,16:56:44,-07:00,2025-10-16T16:56:44-07:00,1,0
style.css,19,css,effe0a00,Dylan Berry,2025-10-09,17:21:09,-07:00,2025-10-09T17:21:09-07:00,1,12
style.css,20,css,effe0a00,Dylan Berry,2025-10-09,17:21:09,-07:00,2025-10-09T17:21:09-07:00,1,22
style.css,21,css,effe0a00,Dylan Berry,2025-10-09,17:21:09,-07:00,2025-10-09T17:21:09-07:00,1,24
style.css,22,css,0d696ac4,Dylan Berry,2025-10-16,16:56:44,-07:00,2025-10-16T16:56:44-07:00,1,39
style.css,23,css,effe0a00,Dylan Berry,2025-10-09,17:21:09,-07:00,2025-10-09T17:21:09-07:00,1,1
style.css,24,css,effe0a00,Dylan Berry,2025-10-09,17:21:09,-07:00,2025-10-09T17:21:09-07:00,2,5
style.css,25,css,effe0a00,Dylan Berry,2025-10-09,17:21:09,-07:00,2025-10-09T17:21:09-07:00,2,19
style.css,26,css,effe0a00,Dylan Berry,2025-10-09,17:21:09,-07:00,2025-10-09T17:21:09-07:00,2,12
style.css,27,css,effe0a00,Dylan Berry,2025-10-09,17:21:09,-07:00,2025-10-09T17:21:09-07:00,2,16
style.css,28,css,effe0a00,Dylan Berry,2025-10-09,17:21:09,-07:00,2025-10-09T17:21:09-07:00,2,11
style.css,29,css,effe0a00,Dylan Berry,2025-10-09,17:21:09,-07:00,2025-10-09T17:21:09-07:00,2,17
style.css,30,css,40c5f215,Dylan Berry,2025-10-09,17:30:34,-07:00,2025-10-09T17:30:34-07:00,2,0
style.css,31,css,40c5f215,Dylan Berry,2025-10-09,17:30:34,-07:00,2025-10-09T17:30:34-07:00,1,0
style.css,32,css,21aa7bb8,Dylan Berry,2025-10-09,17:44:06,-07:00,2025-10-09T17:44:06-07:00,1,7
style.css,33,css,21aa7bb8,Dylan Berry,2025-10-09,17:44:06,-07:00,2025-10-09T17:44:06-07:00,3,22
style.css,34,css,21aa7bb8,Dylan Berry,2025-10-09,17:44:06,-07:00,2025-10-09T17:44:06-07:00,3,26
style.css,35,css,21aa7bb8,Dylan Berry,2025-10-09,17:44:06,-07:00,2025-10-09T17:44:06-07:00,3,38
style.css,36,css,21aa7bb8,Dylan Berry,2025-10-09,17:44:06,-07:00,2025-10-09T17:44:06-07:00,3,14
style.css,37,css,21aa7bb8,Dylan Berry,2025-10-09,17:44:06,-07:00,2025-10-09T17:44:06-07:00,3,20
style.css,38,css,0d696ac4,Dylan Berry,2025-10-16,16:56:44,-07:00,2025-10-16T16:56:44-07:00,3,69
style.css,39,css,0d696ac4,Dylan Berry,2025-10-16,16:56:44,-07:00,2025-10-16T16:56:44-07:00,0,0
style.css,40,css,21aa7bb8,Dylan Berry,2025-10-09,17:44:06,-07:00,2025-10-09T17:44:06-07:00,1,0
style.css,41,css,2918a7ad,Dylan Berry,2025-10-16,16:19:09,-07:00,2025-10-16T16:19:09-07:00,1,6
style.css,42,css,2918a7ad,Dylan Berry,2025-10-16,16:19:09,-07:00,2025-10-16T16:19:09-07:00,2,15
style.css,43,css,2918a7ad,Dylan Berry,2025-10-16,16:19:09,-07:00,2025-10-16T16:19:09-07:00,2,14
style.css,44,css,0d696ac4,Dylan Berry,2025-10-16,16:56:44,-07:00,2025-10-16T16:56:44-07:00,2,5
style.css,45,css,0d696ac4,Dylan Berry,2025-10-16,16:56:44,-07:00,2025-10-16T16:56:44-07:00,2,11
style.css,46,css,2918a7ad,Dylan Berry,2025-10-16,16:19:09,-07:00,2025-10-16T16:19:09-07:00,2,16
style.css,47,css,2918a7ad,Dylan Berry,2025-10-16,16:19:09,-07:00,2025-10-16T16:19:09-07:00,2,22
style.css,48,css,2918a7ad,Dylan Berry,2025-10-16,16:19:09,-07:00,2025-10-16T16:19:09-07:00,2,26
style.css,49,css,2918a7ad,Dylan Berry,2025-10-16,16:19:09,-07:00,2025-10-16T16:19:09-07:00,2,26
style.css,50,css,2918a7ad,Dylan Berry,2025-10-16,16:19:09,-07:00,2025-10-16T16:19:09-07:00,2,16
style.css,51,css,0d696ac4,Dylan Berry,2025-10-16,16:56:44,-07:00,2025-10-16T16:56:44-07:00,2,17
style.css,52,css,21aa7bb8,Dylan Berry,2025-10-09,17:44:06,-07:00,2025-10-09T17:44:06-07:00,1,0
style.css,53,css,2918a7ad,Dylan Berry,2025-10-16,16:19:09,-07:00,2025-10-16T16:19:09-07:00,1,12
style.css,54,css,21aa7bb8,Dylan Berry,2025-10-09,17:44:06,-07:00,2025-10-09T17:44:06-07:00,2,38
style.css,55,css,0d696ac4,Dylan Berry,2025-10-16,16:56:44,-07:00,2025-10-16T16:56:44-07:00,2,22
style.css,56,css,effe0a00,Dylan Berry,2025-10-09,17:21:09,-07:00,2025-10-09T17:21:09-07:00,1,0
style.css,57,css,2e49ca41,Dylan Berry,2025-10-09,17:26:25,-07:00,2025-10-09T17:26:25-07:00,1,0
style.css,58,css,5a787265,Dylan Berry,2025-10-02,15:34:45,-07:00,2025-10-02T15:34:45-07:00,0,0
style.css,59,css,2918a7ad,Dylan Berry,2025-10-16,16:19:09,-07:00,2025-10-16T16:19:09-07:00,0,0
style.css,60,css,b18afa9b,Dylan Berry,2025-10-09,18:11:30,-07:00,2025-10-09T18:11:30-07:00,0,4
style.css,61,css,b18afa9b,Dylan Berry,2025-10-09,18:11:30,-07:00,2025-10-09T18:11:30-07:00,1,12
style.css,62,css,b18afa9b,Dylan Berry,2025-10-09,18:11:30,-07:00,2025-10-09T18:11:30-07:00,1,30
style.css,63,css,b18afa9b,Dylan Berry,2025-10-09,18:11:30,-07:00,2025-10-09T18:11:30-07:00,1,7
style.css,64,css,b18afa9b,Dylan Berry,2025-10-09,18:11:30,-07:00,2025-10-09T18:11:30-07:00,0,0
style.css,65,css,b18afa9b,Dylan Berry,2025-10-09,18:11:30,-07:00,2025-10-09T18:11:30-07:00,0,5
style.css,66,css,b18afa9b,Dylan Berry,2025-10-09,18:11:30,-07:00,2025-10-09T18:11:30-07:00,1,12
style.css,67,css,b18afa9b,Dylan Berry,2025-10-09,18:11:30,-07:00,2025-10-09T18:11:30-07:00,1,29
style.css,68,css,b18afa9b,Dylan Berry,2025-10-09,18:11:30,-07:00,2025-10-09T18:11:30-07:00,1,22
style.css,69,css,b18afa9b,Dylan Berry,2025-10-09,18:11:30,-07:00,2025-10-09T18:11:30-07:00,0,0
style.css,70,css,b18afa9b,Dylan Berry,2025-10-09,18:11:30,-07:00,2025-10-09T18:11:30-07:00,0,6
style.css,71,css,b18afa9b,Dylan Berry,2025-10-09,18:11:30,-07:00,2025-10-09T18:11:30-07:00,1,12
style.css,72,css,b18afa9b,Dylan Berry,2025-10-09,18:11:30,-07:00,2025-10-09T18:11:30-07:00,1,29
style.css,73,css,b18afa9b,Dylan Berry,2025-10-09,18:11:30,-07:00,2025-10-09T18:11:30-07:00,1,16
style.css,74,css,b18afa9b,Dylan Berry,2025-10-09,18:11:30,-07:00,2025-10-09T18:11:30-07:00,1,17
style.css,75,css,88008279,Dylan Berry,2025-10-10,14:16:58,-07:00,2025-10-10T14:16:58-07:00,0,0
style.css,76,css,88008279,Dylan Berry,2025-10-10,14:16:58,-07:00,2025-10-10T14:16:58-07:00,0,2
style.css,77,css,997c6e84,Dylan Berry,2025-10-10,14:27:56,-07:00,2025-10-10T14:27:56-07:00,1,14
style.css,78,css,997c6e84,Dylan Berry,2025-10-10,14:27:56,-07:00,2025-10-10T14:27:56-07:00,0,0
style.css,79,css,997c6e84,Dylan Berry,2025-10-10,14:27:56,-07:00,2025-10-10T14:27:56-07:00,0,2
style.css,80,css,997c6e84,Dylan Berry,2025-10-10,14:27:56,-07:00,2025-10-10T14:27:56-07:00,1,14
style.css,81,css,997c6e84,Dylan Berry,2025-10-10,14:27:56,-07:00,2025-10-10T14:27:56-07:00,1,14
style.css,82,css,997c6e84,Dylan Berry,2025-10-10,14:27:56,-07:00,2025-10-10T14:27:56-07:00,0,0
style.css,83,css,997c6e84,Dylan Berry,2025-10-10,14:27:56,-07:00,2025-10-10T14:27:56-07:00,0,2
style.css,84,css,997c6e84,Dylan Berry,2025-10-10,14:27:56,-07:00,2025-10-10T14:27:56-07:00,1,16
style.css,85,css,997c6e84,Dylan Berry,2025-10-10,14:27:56,-07:00,2025-10-10T14:27:56-07:00,1,0
style.css,86,css,997c6e84,Dylan Berry,2025-10-10,14:27:56,-07:00,2025-10-10T14:27:56-07:00,1,14
style.css,87,css,997c6e84,Dylan Berry,2025-10-10,14:27:56,-07:00,2025-10-10T14:27:56-07:00,0,0
style.css,88,css,997c6e84,Dylan Berry,2025-10-10,14:27:56,-07:00,2025-10-10T14:27:56-07:00,0,1
style.css,89,css,997c6e84,Dylan Berry,2025-10-10,14:27:56,-07:00,2025-10-10T14:27:56-07:00,1,15
style.css,90,css,997c6e84,Dylan Berry,2025-10-10,14:27:56,-07:00,2025-10-10T14:27:56-07:00,1,14
style.css,91,css,88008279,Dylan Berry,2025-10-10,14:16:58,-07:00,2025-10-10T14:16:58-07:00,0,0
style.css,92,css,88008279,Dylan Berry,2025-10-10,14:16:58,-07:00,2025-10-10T14:16:58-07:00,0,9
style.css,93,css,88008279,Dylan Berry,2025-10-10,14:16:58,-07:00,2025-10-10T14:16:58-07:00,1,12
style.css,94,css,88008279,Dylan Berry,2025-10-10,14:16:58,-07:00,2025-10-10T14:16:58-07:00,1,57
style.css,95,css,88008279,Dylan Berry,2025-10-10,14:16:58,-07:00,2025-10-10T14:16:58-07:00,1,6
style.css,96,css,88008279,Dylan Berry,2025-10-10,14:16:58,-07:00,2025-10-10T14:16:58-07:00,0,0
style.css,97,css,88008279,Dylan Berry,2025-10-10,14:16:58,-07:00,2025-10-10T14:16:58-07:00,0,7
style.css,98,css,88008279,Dylan Berry,2025-10-10,14:16:58,-07:00,2025-10-10T14:16:58-07:00,1,12
style.css,99,css,88008279,Dylan Berry,2025-10-10,14:16:58,-07:00,2025-10-10T14:16:58-07:00,1,26
style.css,100,css,88008279,Dylan Berry,2025-10-10,14:16:58,-07:00,2025-10-10T14:16:58-07:00,1,15
style.css,101,css,88008279,Dylan Berry,2025-10-10,14:16:58,-07:00,2025-10-10T14:16:58-07:00,1,7
style.css,102,css,88008279,Dylan Berry,2025-10-10,14:16:58,-07:00,2025-10-10T14:16:58-07:00,1,0
style.css,103,css,88008279,Dylan Berry,2025-10-10,14:16:58,-07:00,2025-10-10T14:16:58-07:00,1,2
style.css,104,css,88008279,Dylan Berry,2025-10-10,14:16:58,-07:00,2025-10-10T14:16:58-07:00,2,8
style.css,105,css,88008279,Dylan Berry,2025-10-10,14:16:58,-07:00,2025-10-10T14:16:58-07:00,1,0
style.css,106,css,0d696ac4,Dylan Berry,2025-10-16,16:56:44,-07:00,2025-10-16T16:56:44-07:00,0,0
style.css,107,css,0d696ac4,Dylan Berry,2025-10-16,16:56:44,-07:00,2025-10-16T16:56:44-07:00,0,13
style.css,108,css,0d696ac4,Dylan Berry,2025-10-16,16:56:44,-07:00,2025-10-16T16:56:44-07:00,1,16
style.css,109,css,0d696ac4,Dylan Berry,2025-10-16,16:56:44,-07:00,2025-10-16T16:56:44-07:00,1,6
style.css,110,css,0d696ac4,Dylan Berry,2025-10-16,16:56:44,-07:00,2025-10-16T16:56:44-07:00,1,8
style.css,111,css,0d696ac4,Dylan Berry,2025-10-16,16:56:44,-07:00,2025-10-16T16:56:44-07:00,1,18
style.css,112,css,89d2ceb4,Dylan Berry,2025-10-31,18:34:39,-07:00,2025-10-31T18:34:39-07:00,0,0
style.css,113,css,89d2ceb4,Dylan Berry,2025-10-31,18:34:39,-07:00,2025-10-31T18:34:39-07:00,0,18
style.css,114,css,89d2ceb4,Dylan Berry,2025-10-31,18:34:39,-07:00,2025-10-31T18:34:39-07:00,1,14
style.css,115,css,89d2ceb4,Dylan Berry,2025-10-31,18:34:39,-07:00,2025-10-31T18:34:39-07:00,1,16
style.css,116,css,89d2ceb4,Dylan Berry,2025-10-31,18:34:39,-07:00,2025-10-31T18:34:39-07:00,0,0
style.css,117,css,89d2ceb4,Dylan Berry,2025-10-31,18:34:39,-07:00,2025-10-31T18:34:39-07:00,1,16
style.css,118,css,89d2ceb4,Dylan Berry,2025-10-31,18:34:39,-07:00,2025-10-31T18:34:39-07:00,0,0
style.css,119,css,89d2ceb4,Dylan Berry,2025-10-31,18:34:39,-07:00,2025-10-31T18:34:39-07:00,0,0
style.css,120,css,89d2ceb4,Dylan Berry,2025-10-31,18:34:39,-07:00,2025-10-31T18:34:39-07:00,0,7
style.css,121,css,89d2ceb4,Dylan Berry,2025-10-31,18:34:39,-07:00,2025-10-31T18:34:39-07:00,1,11
style.css,122,css,89d2ceb4,Dylan Berry,2025-10-31,18:34:39,-07:00,2025-10-31T18:34:39-07:00,1,57
style.css,123,css,89d2ceb4,Dylan Berry,2025-10-31,18:34:39,-07:00,2025-10-31T18:34:39-07:00,1,35
style.css,124,css,89d2ceb4,Dylan Berry,2025-10-31,18:34:39,-07:00,2025-10-31T18:34:39-07:00,1,31
style.css,125,css,89d2ceb4,Dylan Berry,2025-10-31,18:34:39,-07:00,2025-10-31T18:34:39-07:00,1,16
style.css,126,css,89d2ceb4,Dylan Berry,2025-10-31,18:34:39,-07:00,2025-10-31T18:34:39-07:00,1,20
style.css,127,css,89d2ceb4,Dylan Berry,2025-10-31,18:34:39,-07:00,2025-10-31T18:34:39-07:00,1,22
style.css,128,css,89d2ceb4,Dylan Berry,2025-10-31,18:34:39,-07:00,2025-10-31T18:34:39-07:00,1,16
style.css,129,css,89d2ceb4,Dylan Berry,2025-10-31,18:34:39,-07:00,2025-10-31T18:34:39-07:00,0,0
style.css,130,css,89d2ceb4,Dylan Berry,2025-10-31,18:34:39,-07:00,2025-10-31T18:34:39-07:00,0,7
style.css,131,css,89d2ceb4,Dylan Berry,2025-10-31,18:34:39,-07:00,2025-10-31T18:34:39-07:00,1,15
style.css,132,css,89d2ceb4,Dylan Berry,2025-10-31,18:34:39,-07:00,2025-10-31T18:34:39-07:00,1,19
style.css,133,css,89d2ceb4,Dylan Berry,2025-10-31,18:34:39,-07:00,2025-10-31T18:34:39-07:00,1,17
style.css,134,css,89d2ceb4,Dylan Berry,2025-10-31,18:34:39,-07:00,2025-10-31T18:34:39-07:00,1,19
style.css,135,css,89d2ceb4,Dylan Berry,2025-10-31,18:34:39,-07:00,2025-10-31T18:34:39-07:00,1,17
style.css,136,css,89d2ceb4,Dylan Berry,2025-10-31,18:34:39,-07:00,2025-10-31T18:34:39-07:00,0,0
style.css,137,css,89d2ceb4,Dylan Berry,2025-10-31,18:34:39,-07:00,2025-10-31T18:34:39-07:00,0,0
style.css,138,css,89d2ceb4,Dylan Berry,2025-10-31,18:34:39,-07:00,2025-10-31T18:34:39-07:00,0,10
style.css,139,css,89d2ceb4,Dylan Berry,2025-10-31,18:34:39,-07:00,2025-10-31T18:34:39-07:00,1,11
style.css,140,css,89d2ceb4,Dylan Berry,2025-10-31,18:34:39,-07:00,2025-10-31T18:34:39-07:00,1,5
style.css,141,css,89d2ceb4,Dylan Berry,2025-10-31,18:34:39,-07:00,2025-10-31T18:34:39-07:00,1,5
style.css,142,css,89d2ceb4,Dylan Berry,2025-10-31,18:34:39,-07:00,2025-10-31T18:34:39-07:00,0,0
style.css,143,css,89d2ceb4,Dylan Berry,2025-10-31,18:34:39,-07:00,2025-10-31T18:34:39-07:00,0,0
style.css,144,css,89d2ceb4,Dylan Berry,2025-10-31,18:34:39,-07:00,2025-10-31T18:34:39-07:00,0,17
style.css,145,css,89d2ceb4,Dylan Berry,2025-10-31,18:34:39,-07:00,2025-10-31T18:34:39-07:00,1,16
style.css,146,css,89d2ceb4,Dylan Berry,2025-10-31,18:34:39,-07:00,2025-10-31T18:34:39-07:00,2,11
style.css,147,css,89d2ceb4,Dylan Berry,2025-10-31,18:34:39,-07:00,2025-10-31T18:34:39-07:00,1,0
style.css,148,css,89d2ceb4,Dylan Berry,2025-10-31,18:34:39,-07:00,2025-10-31T18:34:39-07:00,0,0
style.css,149,css,89d2ceb4,Dylan Berry,2025-10-31,18:34:39,-07:00,2025-10-31T18:34:39-07:00,0,0
style.css,150,css,89d2ceb4,Dylan Berry,2025-10-31,18:34:39,-07:00,2025-10-31T18:34:39-07:00,0,4
style.css,151,css,89d2ceb4,Dylan Berry,2025-10-31,18:34:39,-07:00,2025-10-31T18:34:39-07:00,1,16
style.css,152,css,89d2ceb4,Dylan Berry,2025-10-31,18:34:39,-07:00,2025-10-31T18:34:39-07:00,1,13
style.css,153,css,89d2ceb4,Dylan Berry,2025-10-31,18:34:39,-07:00,2025-10-31T18:34:39-07:00,0,0
style.css,154,css,89d2ceb4,Dylan Berry,2025-10-31,18:34:39,-07:00,2025-10-31T18:34:39-07:00,0,0
style.css,155,css,89d2ceb4,Dylan Berry,2025-10-31,18:34:39,-07:00,2025-10-31T18:34:39-07:00,0,9
style.css,156,css,89d2ceb4,Dylan Berry,2025-10-31,18:34:39,-07:00,2025-10-31T18:34:39-07:00,1,35
style.css,157,css,89d2ceb4,Dylan Berry,2025-10-31,18:34:39,-07:00,2025-10-31T18:34:39-07:00,0,0
style.css,158,css,89d2ceb4,Dylan Berry,2025-10-31,18:34:39,-07:00,2025-10-31T18:34:39-07:00,1,10
style.css,159,css,89d2ceb4,Dylan Berry,2025-10-31,18:34:39,-07:00,2025-10-31T18:34:39-07:00,2,17
style.css,160,css,89d2ceb4,Dylan Berry,2025-10-31,18:34:39,-07:00,2025-10-31T18:34:39-07:00,1,0
style.css,161,css,89d2ceb4,Dylan Berry,2025-10-31,18:34:39,-07:00,2025-10-31T18:34:39-07:00,0,0
index.js,1,js,deffdbf4,Dylan Berry,2025-10-22,18:38:14,-07:00,2025-10-22T18:38:14-07:00,0,71
index.js,2,js,deffdbf4,Dylan Berry,2025-10-22,18:38:14,-07:00,2025-10-22T18:38:14-07:00,0,0
index.js,3,js,deffdbf4,Dylan Berry,2025-10-22,18:38:14,-07:00,2025-10-22T18:38:14-07:00,0,54
index.js,4,js,deffdbf4,Dylan Berry,2025-10-22,18:38:14,-07:00,2025-10-22T18:38:14-07:00,0,0
index.js,5,js,deffdbf4,Dylan Berry,2025-10-22,18:38:14,-07:00,2025-10-22T18:38:14-07:00,0,42
index.js,6,js,deffdbf4,Dylan Berry,2025-10-22,18:38:14,-07:00,2025-10-22T18:38:14-07:00,0,0
index.js,7,js,deffdbf4,Dylan Berry,2025-10-22,18:38:14,-07:00,2025-10-22T18:38:14-07:00,0,60
index.js,8,js,deffdbf4,Dylan Berry,2025-10-22,18:38:14,-07:00,2025-10-22T18:38:14-07:00,0,0
index.js,9,js,deffdbf4,Dylan Berry,2025-10-22,18:38:14,-07:00,2025-10-22T18:38:14-07:00,0,54
index.js,10,js,deffdbf4,Dylan Berry,2025-10-22,18:38:14,-07:00,2025-10-22T18:38:14-07:00,0,0
index.js,11,js,deffdbf4,Dylan Berry,2025-10-22,18:38:14,-07:00,2025-10-22T18:38:14-07:00,0,60
index.js,12,js,deffdbf4,Dylan Berry,2025-10-22,18:38:14,-07:00,2025-10-22T18:38:14-07:00,0,0
index.js,13,js,deffdbf4,Dylan Berry,2025-10-22,18:38:14,-07:00,2025-10-22T18:38:14-07:00,0,17
index.js,14,js,deffdbf4,Dylan Berry,2025-10-22,18:38:14,-07:00,2025-10-22T18:38:14-07:00,1,24
index.js,15,js,deffdbf4,Dylan Berry,2025-10-22,18:38:14,-07:00,2025-10-22T18:38:14-07:00,4,2
index.js,16,js,deffdbf4,Dylan Berry,2025-10-22,18:38:14,-07:00,2025-10-22T18:38:14-07:00,5,55
index.js,17,js,deffdbf4,Dylan Berry,2025-10-22,18:38:14,-07:00,2025-10-22T18:38:14-07:00,5,55
index.js,18,js,deffdbf4,Dylan Berry,2025-10-22,18:38:14,-07:00,2025-10-22T18:38:14-07:00,5,49
index.js,19,js,deffdbf4,Dylan Berry,2025-10-22,18:38:14,-07:00,2025-10-22T18:38:14-07:00,5,49
index.js,20,js,deffdbf4,Dylan Berry,2025-10-22,18:38:14,-07:00,2025-10-22T18:38:14-07:00,4,3
index.js,21,js,deffdbf4,Dylan Berry,2025-10-22,18:38:14,-07:00,2025-10-22T18:38:14-07:00,2,0
index.js,22,js,deffdbf4,Dylan Berry,2025-10-22,18:38:14,-07:00,2025-10-22T18:38:14-07:00,0,0
index.js,23,js,deffdbf4,Dylan Berry,2025-10-22,18:38:14,-07:00,2025-10-22T18:38:14-07:00,0,0
index.js,24,js,deffdbf4,Dylan Berry,2025-10-22,18:38:14,-07:00,2025-10-22T18:38:14-07:00,0,0
index.js,25,js,deffdbf4,Dylan Berry,2025-10-22,18:38:14,-07:00,2025-10-22T18:38:14-07:00,0,54
index.html,1,html,def2c6db,Dylan Berry,2025-10-02,15:24:26,-07:00,2025-10-02T15:24:26-07:00,0,13
index.html,2,html,def2c6db,Dylan Berry,2025-10-02,15:24:26,-07:00,2025-10-02T15:24:26-07:00,0,4
index.html,3,html,def2c6db,Dylan Berry,2025-10-02,15:24:26,-07:00,2025-10-02T15:24:26-07:00,0,4
index.html,4,html,def2c6db,Dylan Berry,2025-10-02,15:24:26,-07:00,2025-10-02T15:24:26-07:00,2,22
index.html,5,html,def2c6db,Dylan Berry,2025-10-02,15:24:26,-07:00,2025-10-02T15:24:26-07:00,2,53
index.html,6,html,5a787265,Dylan Berry,2025-10-02,15:34:45,-07:00,2025-10-02T15:34:45-07:00,2,38
index.html,7,html,ad896134,Dylan Berry,2025-10-16,16:09:24,-07:00,2025-10-16T16:09:24-07:00,2,45
index.html,8,html,deffdbf4,Dylan Berry,2025-10-22,18:38:14,-07:00,2025-10-22T18:38:14-07:00,2,50
index.html,9,html,deffdbf4,Dylan Berry,2025-10-22,18:38:14,-07:00,2025-10-22T18:38:14-07:00,0,0
index.html,10,html,def2c6db,Dylan Berry,2025-10-02,15:24:26,-07:00,2025-10-02T15:24:26-07:00,0,5
index.html,11,html,def2c6db,Dylan Berry,2025-10-02,15:24:26,-07:00,2025-10-02T15:24:26-07:00,0,4
index.html,12,html,ad896134,Dylan Berry,2025-10-16,16:09:24,-07:00,2025-10-16T16:09:24-07:00,2,8
index.html,13,html,ad896134,Dylan Berry,2025-10-16,16:09:24,-07:00,2025-10-16T16:09:24-07:00,4,74
index.html,14,html,effe0a00,Dylan Berry,2025-10-09,17:21:09,-07:00,2025-10-09T17:21:09-07:00,4,87
index.html,15,html,effe0a00,Dylan Berry,2025-10-09,17:21:09,-07:00,2025-10-09T17:21:09-07:00,4,87
index.html,16,html,effe0a00,Dylan Berry,2025-10-09,17:21:09,-07:00,2025-10-09T17:21:09-07:00,4,71
index.html,17,html,effe0a00,Dylan Berry,2025-10-09,17:21:09,-07:00,2025-10-09T17:21:09-07:00,4,83
index.html,18,html,ad896134,Dylan Berry,2025-10-16,16:09:24,-07:00,2025-10-16T16:09:24-07:00,2,8
index.html,19,html,def2c6db,Dylan Berry,2025-10-02,15:24:26,-07:00,2025-10-02T15:24:26-07:00,2,18
index.html,20,html,def2c6db,Dylan Berry,2025-10-02,15:24:26,-07:00,2025-10-02T15:24:26-07:00,2,1
index.html,21,html,def2c6db,Dylan Berry,2025-10-02,15:24:26,-07:00,2025-10-02T15:24:26-07:00,4,42
index.html,22,html,def2c6db,Dylan Berry,2025-10-02,15:24:26,-07:00,2025-10-02T15:24:26-07:00,4,0
index.html,23,html,def2c6db,Dylan Berry,2025-10-02,15:24:26,-07:00,2025-10-02T15:24:26-07:00,4,0
index.html,24,html,def2c6db,Dylan Berry,2025-10-02,15:24:26,-07:00,2025-10-02T15:24:26-07:00,4,0
index.html,25,html,def2c6db,Dylan Berry,2025-10-02,15:24:26,-07:00,2025-10-02T15:24:26-07:00,2,2
index.html,26,html,deffdbf4,Dylan Berry,2025-10-22,18:38:14,-07:00,2025-10-22T18:38:14-07:00,2,22
index.html,27,html,deffdbf4,Dylan Berry,2025-10-22,18:38:14,-07:00,2025-10-22T18:38:14-07:00,2,20
index.html,28,html,deffdbf4,Dylan Berry,2025-10-22,18:38:14,-07:00,2025-10-22T18:38:14-07:00,4,49
index.html,29,html,deffdbf4,Dylan Berry,2025-10-22,18:38:14,-07:00,2025-10-22T18:38:14-07:00,2,4
index.html,30,html,deffdbf4,Dylan Berry,2025-10-22,18:38:14,-07:00,2025-10-22T18:38:14-07:00,0,0
index.html,31,html,deffdbf4,Dylan Berry,2025-10-22,18:38:14,-07:00,2025-10-22T18:38:14-07:00,0,0
index.html,32,html,deffdbf4,Dylan Berry,2025-10-22,18:38:14,-07:00,2025-10-22T18:38:14-07:00,2,117
index.html,33,html,deffdbf4,Dylan Berry,2025-10-22,18:38:14,-07:00,2025-10-22T18:38:14-07:00,2,28
index.html,34,html,effe0a00,Dylan Berry,2025-10-09,17:21:09,-07:00,2025-10-09T17:21:09-07:00,2,0
index.html,35,html,89d2ceb4,Dylan Berry,2025-10-31,18:34:39,-07:00,2025-10-31T18:34:39-07:00,2,0
index.html,36,html,89d2ceb4,Dylan Berry,2025-10-31,18:34:39,-07:00,2025-10-31T18:34:39-07:00,0,0
index.html,37,html,def2c6db,Dylan Berry,2025-10-02,15:24:26,-07:00,2025-10-02T15:24:26-07:00,0,5
index.html,38,html,def2c6db,Dylan Berry,2025-10-02,15:24:26,-07:00,2025-10-02T15:24:26-07:00,0,5
global.js,1,js,ad896134,Dylan Berry,2025-10-16,16:09:24,-07:00,2025-10-16T16:09:24-07:00,0,28
global.js,2,js,ad896134,Dylan Berry,2025-10-16,16:09:24,-07:00,2025-10-16T16:09:24-07:00,0,0
global.js,3,js,ad896134,Dylan Berry,2025-10-16,16:09:24,-07:00,2025-10-16T16:09:24-07:00,0,88
global.js,4,js,ad896134,Dylan Berry,2025-10-16,16:09:24,-07:00,2025-10-16T16:09:24-07:00,1,36
global.js,5,js,ad896134,Dylan Berry,2025-10-16,16:09:24,-07:00,2025-10-16T16:09:24-07:00,1,50
global.js,6,js,ad896134,Dylan Berry,2025-10-16,16:09:24,-07:00,2025-10-16T16:09:24-07:00,0,0
global.js,7,js,ad896134,Dylan Berry,2025-10-16,16:09:24,-07:00,2025-10-16T16:09:24-07:00,0,0
global.js,8,js,ad896134,Dylan Berry,2025-10-16,16:09:24,-07:00,2025-10-16T16:09:24-07:00,0,41
global.js,9,js,ad896134,Dylan Berry,2025-10-16,16:09:24,-07:00,2025-10-16T16:09:24-07:00,1,52
global.js,10,js,ad896134,Dylan Berry,2025-10-16,16:09:24,-07:00,2025-10-16T16:09:24-07:00,0,0
global.js,11,js,ad896134,Dylan Berry,2025-10-16,16:09:24,-07:00,2025-10-16T16:09:24-07:00,0,0
global.js,12,js,0d696ac4,Dylan Berry,2025-10-16,16:56:44,-07:00,2025-10-16T16:56:44-07:00,0,0
global.js,13,js,0d696ac4,Dylan Berry,2025-10-16,16:56:44,-07:00,2025-10-16T16:56:44-07:00,0,0
global.js,14,js,ad896134,Dylan Berry,2025-10-16,16:09:24,-07:00,2025-10-16T16:09:24-07:00,0,11
global.js,15,js,ad896134,Dylan Berry,2025-10-16,16:09:24,-07:00,2025-10-16T16:09:24-07:00,1,25
global.js,16,js,ad896134,Dylan Berry,2025-10-16,16:09:24,-07:00,2025-10-16T16:09:24-07:00,1,38
global.js,17,js,ad896134,Dylan Berry,2025-10-16,16:09:24,-07:00,2025-10-16T16:09:24-07:00,1,33
global.js,18,js,2918a7ad,Dylan Berry,2025-10-16,16:19:09,-07:00,2025-10-16T16:19:09-07:00,1,37
global.js,19,js,00000000,Not Committed Yet,2025-11-08,13:23:37,-08:00,2025-11-08T13:23:37-08:00,1,29
global.js,20,js,00000000,Not Committed Yet,2025-11-08,13:23:37,-08:00,2025-11-08T13:23:37-08:00,1,56
global.js,21,js,00000000,Not Committed Yet,2025-11-08,13:23:37,-08:00,2025-11-08T13:23:37-08:00,1,0
global.js,22,js,ad896134,Dylan Berry,2025-10-16,16:09:24,-07:00,2025-10-16T16:09:24-07:00,0,0
global.js,23,js,ad896134,Dylan Berry,2025-10-16,16:09:24,-07:00,2025-10-16T16:09:24-07:00,0,0
global.js,24,js,ad896134,Dylan Berry,2025-10-16,16:09:24,-07:00,2025-10-16T16:09:24-07:00,0,38
global.js,25,js,ad896134,Dylan Berry,2025-10-16,16:09:24,-07:00,2025-10-16T16:09:24-07:00,0,25
global.js,26,js,ad896134,Dylan Berry,2025-10-16,16:09:24,-07:00,2025-10-16T16:09:24-07:00,0,0
global.js,27,js,ad896134,Dylan Berry,2025-10-16,16:09:24,-07:00,2025-10-16T16:09:24-07:00,0,20
global.js,28,js,2918a7ad,Dylan Berry,2025-10-16,16:19:09,-07:00,2025-10-16T16:19:09-07:00,2,14
global.js,29,js,2918a7ad,Dylan Berry,2025-10-16,16:19:09,-07:00,2025-10-16T16:19:09-07:00,2,18
global.js,30,js,2918a7ad,Dylan Berry,2025-10-16,16:19:09,-07:00,2025-10-16T16:19:09-07:00,2,41
global.js,31,js,2918a7ad,Dylan Berry,2025-10-16,16:19:09,-07:00,2025-10-16T16:19:09-07:00,2,52
global.js,32,js,2918a7ad,Dylan Berry,2025-10-16,16:19:09,-07:00,2025-10-16T16:19:09-07:00,2,0
global.js,33,js,2918a7ad,Dylan Berry,2025-10-16,16:19:09,-07:00,2025-10-16T16:19:09-07:00,2,0
global.js,34,js,2918a7ad,Dylan Berry,2025-10-16,16:19:09,-07:00,2025-10-16T16:19:09-07:00,2,0
global.js,35,js,2918a7ad,Dylan Berry,2025-10-16,16:19:09,-07:00,2025-10-16T16:19:09-07:00,2,34
global.js,36,js,2918a7ad,Dylan Berry,2025-10-16,16:19:09,-07:00,2025-10-16T16:19:09-07:00,2,11
global.js,37,js,2918a7ad,Dylan Berry,2025-10-16,16:19:09,-07:00,2025-10-16T16:19:09-07:00,2,20
global.js,38,js,2918a7ad,Dylan Berry,2025-10-16,16:19:09,-07:00,2025-10-16T16:19:09-07:00,2,0
global.js,39,js,2918a7ad,Dylan Berry,2025-10-16,16:19:09,-07:00,2025-10-16T16:19:09-07:00,2,29
global.js,40,js,2918a7ad,Dylan Berry,2025-10-16,16:19:09,-07:00,2025-10-16T16:19:09-07:00,2,71
global.js,41,js,2918a7ad,Dylan Berry,2025-10-16,16:19:09,-07:00,2025-10-16T16:19:09-07:00,2,65
global.js,42,js,2918a7ad,Dylan Berry,2025-10-16,16:19:09,-07:00,2025-10-16T16:19:09-07:00,4,23
global.js,43,js,2918a7ad,Dylan Berry,2025-10-16,16:19:09,-07:00,2025-10-16T16:19:09-07:00,2,0
global.js,44,js,2918a7ad,Dylan Berry,2025-10-16,16:19:09,-07:00,2025-10-16T16:19:09-07:00,2,0
global.js,45,js,2918a7ad,Dylan Berry,2025-10-16,16:19:09,-07:00,2025-10-16T16:19:09-07:00,2,34
global.js,46,js,2918a7ad,Dylan Berry,2025-10-16,16:19:09,-07:00,2025-10-16T16:19:09-07:00,4,17
global.js,47,js,2918a7ad,Dylan Berry,2025-10-16,16:19:09,-07:00,2025-10-16T16:19:09-07:00,2,0
global.js,48,js,2918a7ad,Dylan Berry,2025-10-16,16:19:09,-07:00,2025-10-16T16:19:09-07:00,2,12
global.js,49,js,0d696ac4,Dylan Berry,2025-10-16,16:56:44,-07:00,2025-10-16T16:56:44-07:00,2,0
global.js,50,js,0d696ac4,Dylan Berry,2025-10-16,16:56:44,-07:00,2025-10-16T16:56:44-07:00,0,0
global.js,51,js,0d696ac4,Dylan Berry,2025-10-16,16:56:44,-07:00,2025-10-16T16:56:44-07:00,0,0
global.js,52,js,0d696ac4,Dylan Berry,2025-10-16,16:56:44,-07:00,2025-10-16T16:56:44-07:00,0,0
global.js,53,js,0d696ac4,Dylan Berry,2025-10-16,16:56:44,-07:00,2025-10-16T16:56:44-07:00,0,0
global.js,54,js,0d696ac4,Dylan Berry,2025-10-16,16:56:44,-07:00,2025-10-16T16:56:44-07:00,0,31
global.js,55,js,0d696ac4,Dylan Berry,2025-10-16,16:56:44,-07:00,2025-10-16T16:56:44-07:00,0,11
global.js,56,js,0d696ac4,Dylan Berry,2025-10-16,16:56:44,-07:00,2025-10-16T16:56:44-07:00,0,0
global.js,57,js,0d696ac4,Dylan Berry,2025-10-16,16:56:44,-07:00,2025-10-16T16:56:44-07:00,2,26
global.js,58,js,0d696ac4,Dylan Berry,2025-10-16,16:56:44,-07:00,2025-10-16T16:56:44-07:00,4,4
global.js,59,js,0d696ac4,Dylan Berry,2025-10-16,16:56:44,-07:00,2025-10-16T16:56:44-07:00,4,26
global.js,60,js,0d696ac4,Dylan Berry,2025-10-16,16:56:44,-07:00,2025-10-16T16:56:44-07:00,6,40
global.js,61,js,0d696ac4,Dylan Berry,2025-10-16,16:56:44,-07:00,2025-10-16T16:56:44-07:00,6,34
global.js,62,js,0d696ac4,Dylan Berry,2025-10-16,16:56:44,-07:00,2025-10-16T16:56:44-07:00,6,32
global.js,63,js,0d696ac4,Dylan Berry,2025-10-16,16:56:44,-07:00,2025-10-16T16:56:44-07:00,4,7
global.js,64,js,0d696ac4,Dylan Berry,2025-10-16,16:56:44,-07:00,2025-10-16T16:56:44-07:00,2,8
global.js,65,js,0d696ac4,Dylan Berry,2025-10-16,16:56:44,-07:00,2025-10-16T16:56:44-07:00,0,0
global.js,66,js,2918a7ad,Dylan Berry,2025-10-16,16:19:09,-07:00,2025-10-16T16:19:09-07:00,0,0
global.js,67,js,0d696ac4,Dylan Berry,2025-10-16,16:56:44,-07:00,2025-10-16T16:56:44-07:00,0,43
global.js,68,js,0d696ac4,Dylan Berry,2025-10-16,16:56:44,-07:00,2025-10-16T16:56:44-07:00,0,34
global.js,69,js,0d696ac4,Dylan Berry,2025-10-16,16:56:44,-07:00,2025-10-16T16:56:44-07:00,2,0
global.js,70,js,0d696ac4,Dylan Berry,2025-10-16,16:56:44,-07:00,2025-10-16T16:56:44-07:00,2,83
global.js,71,js,0d696ac4,Dylan Berry,2025-10-16,16:56:44,-07:00,2025-10-16T16:56:44-07:00,2,38
global.js,72,js,ad896134,Dylan Berry,2025-10-16,16:09:24,-07:00,2025-10-16T16:09:24-07:00,0,0
global.js,73,js,ad896134,Dylan Berry,2025-10-16,16:09:24,-07:00,2025-10-16T16:09:24-07:00,0,0
global.js,74,js,ad896134,Dylan Berry,2025-10-16,16:09:24,-07:00,2025-10-16T16:09:24-07:00,0,0
global.js,75,js,0d696ac4,Dylan Berry,2025-10-16,16:56:44,-07:00,2025-10-16T16:56:44-07:00,0,0
global.js,76,js,0d696ac4,Dylan Berry,2025-10-16,16:56:44,-07:00,2025-10-16T16:56:44-07:00,0,0
global.js,77,js,0d696ac4,Dylan Berry,2025-10-16,16:56:44,-07:00,2025-10-16T16:56:44-07:00,0,0
global.js,78,js,0d696ac4,Dylan Berry,2025-10-16,16:56:44,-07:00,2025-10-16T16:56:44-07:00,0,49
global.js,79,js,0d696ac4,Dylan Berry,2025-10-16,16:56:44,-07:00,2025-10-16T16:56:44-07:00,0,62
global.js,80,js,0d696ac4,Dylan Berry,2025-10-16,16:56:44,-07:00,2025-10-16T16:56:44-07:00,2,77
global.js,81,js,0d696ac4,Dylan Berry,2025-10-16,16:56:44,-07:00,2025-10-16T16:56:44-07:00,2,43
global.js,82,js,0d696ac4,Dylan Berry,2025-10-16,16:56:44,-07:00,2025-10-16T16:56:44-07:00,0,1
global.js,83,js,0d696ac4,Dylan Berry,2025-10-16,16:56:44,-07:00,2025-10-16T16:56:44-07:00,0,0
global.js,84,js,deffdbf4,Dylan Berry,2025-10-22,18:38:14,-07:00,2025-10-22T18:38:14-07:00,0,36
global.js,85,js,deffdbf4,Dylan Berry,2025-10-22,18:38:14,-07:00,2025-10-22T18:38:14-07:00,1,3
global.js,86,js,deffdbf4,Dylan Berry,2025-10-22,18:38:14,-07:00,2025-10-22T18:38:14-07:00,2,39
global.js,87,js,deffdbf4,Dylan Berry,2025-10-22,18:38:14,-07:00,2025-10-22T18:38:14-07:00,2,32
global.js,88,js,deffdbf4,Dylan Berry,2025-10-22,18:38:14,-07:00,2025-10-22T18:38:14-07:00,2,17
global.js,89,js,deffdbf4,Dylan Berry,2025-10-22,18:38:14,-07:00,2025-10-22T18:38:14-07:00,4,66
global.js,90,js,deffdbf4,Dylan Berry,2025-10-22,18:38:14,-07:00,2025-10-22T18:38:14-07:00,2,0
global.js,91,js,deffdbf4,Dylan Berry,2025-10-22,18:38:14,-07:00,2025-10-22T18:38:14-07:00,2,33
global.js,92,js,deffdbf4,Dylan Berry,2025-10-22,18:38:14,-07:00,2025-10-22T18:38:14-07:00,2,10
global.js,93,js,deffdbf4,Dylan Berry,2025-10-22,18:38:14,-07:00,2025-10-22T18:38:14-07:00,0,0
global.js,94,js,deffdbf4,Dylan Berry,2025-10-22,18:38:14,-07:00,2025-10-22T18:38:14-07:00,0,0
global.js,95,js,deffdbf4,Dylan Berry,2025-10-22,18:38:14,-07:00,2025-10-22T18:38:14-07:00,1,15
global.js,96,js,deffdbf4,Dylan Berry,2025-10-22,18:38:14,-07:00,2025-10-22T18:38:14-07:00,2,59
global.js,97,js,deffdbf4,Dylan Berry,2025-10-22,18:38:14,-07:00,2025-10-22T18:38:14-07:00,1,0
global.js,98,js,deffdbf4,Dylan Berry,2025-10-22,18:38:14,-07:00,2025-10-22T18:38:14-07:00,0,0
global.js,99,js,deffdbf4,Dylan Berry,2025-10-22,18:38:14,-07:00,2025-10-22T18:38:14-07:00,0,0
global.js,100,js,deffdbf4,Dylan Berry,2025-10-22,18:38:14,-07:00,2025-10-22T18:38:14-07:00,0,0
global.js,101,js,deffdbf4,Dylan Berry,2025-10-22,18:38:14,-07:00,2025-10-22T18:38:14-07:00,0,78
global.js,102,js,deffdbf4,Dylan Berry,2025-10-22,18:38:14,-07:00,2025-10-22T18:38:14-07:00,2,30
global.js,103,js,deffdbf4,Dylan Berry,2025-10-22,18:38:14,-07:00,2025-10-22T18:38:14-07:00,2,40
global.js,104,js,deffdbf4,Dylan Berry,2025-10-22,18:38:14,-07:00,2025-10-22T18:38:14-07:00,4,48
global.js,105,js,89d2ceb4,Dylan Berry,2025-10-31,18:34:39,-07:00,2025-10-31T18:34:39-07:00,4,164
global.js,106,js,deffdbf4,Dylan Berry,2025-10-22,18:38:14,-07:00,2025-10-22T18:38:14-07:00,4,36
global.js,107,js,deffdbf4,Dylan Berry,2025-10-22,18:38:14,-07:00,2025-10-22T18:38:14-07:00,2,0
global.js,108,js,deffdbf4,Dylan Berry,2025-10-22,18:38:14,-07:00,2025-10-22T18:38:14-07:00,0,0
global.js,109,js,deffdbf4,Dylan Berry,2025-10-22,18:38:14,-07:00,2025-10-22T18:38:14-07:00,0,0
global.js,110,js,deffdbf4,Dylan Berry,2025-10-22,18:38:14,-07:00,2025-10-22T18:38:14-07:00,0,47
global.js,111,js,deffdbf4,Dylan Berry,2025-10-22,18:38:14,-07:00,2025-10-22T18:38:14-07:00,2,59
global.js,112,js,deffdbf4,Dylan Berry,2025-10-22,18:38:14,-07:00,2025-10-22T18:38:14-07:00,0,0
global.js,113,js,deffdbf4,Dylan Berry,2025-10-22,18:38:14,-07:00,2025-10-22T18:38:14-07:00,0,0
global.js,114,js,0d696ac4,Dylan Berry,2025-10-16,16:56:44,-07:00,2025-10-16T16:56:44-07:00,0,0
global.js,115,js,0d696ac4,Dylan Berry,2025-10-16,16:56:44,-07:00,2025-10-16T16:56:44-07:00,0,0
global.js,116,js,ad896134,Dylan Berry,2025-10-16,16:09:24,-07:00,2025-10-16T16:09:24-07:00,0,12
global.js,117,js,ad896134,Dylan Berry,2025-10-16,16:09:24,-07:00,2025-10-16T16:09:24-07:00,0,28
global.js,118,js,ad896134,Dylan Berry,2025-10-16,16:09:24,-07:00,2025-10-16T16:09:24-07:00,0,0
global.js,119,js,ad896134,Dylan Berry,2025-10-16,16:09:24,-07:00,2025-10-16T16:09:24-07:00,0,33
global.js,120,js,ad896134,Dylan Berry,2025-10-16,16:09:24,-07:00,2025-10-16T16:09:24-07:00,0,71
global.js,121,js,ad896134,Dylan Berry,2025-10-16,16:09:24,-07:00,2025-10-16T16:09:24-07:00,0,3
global.js,122,js,ad896134,Dylan Berry,2025-10-16,16:09:24,-07:00,2025-10-16T16:09:24-07:00,0,0
global.js,123,js,ad896134,Dylan Berry,2025-10-16,16:09:24,-07:00,2025-10-16T16:09:24-07:00,0,37
resume\index.html,1,html,c3e8196c,Dylan Berry,2025-10-02,16:26:52,-07:00,2025-10-02T16:26:52-07:00,0,13
resume\index.html,2,html,c3e8196c,Dylan Berry,2025-10-02,16:26:52,-07:00,2025-10-02T16:26:52-07:00,0,4
resume\index.html,3,html,c3e8196c,Dylan Berry,2025-10-02,16:26:52,-07:00,2025-10-02T16:26:52-07:00,0,4
resume\index.html,4,html,c3e8196c,Dylan Berry,2025-10-02,16:26:52,-07:00,2025-10-02T16:26:52-07:00,2,22
resume\index.html,5,html,c3e8196c,Dylan Berry,2025-10-02,16:26:52,-07:00,2025-10-02T16:26:52-07:00,2,31
resume\index.html,6,html,a991de2e,Dylan Berry,2025-10-09,17:55:32,-07:00,2025-10-09T17:55:32-07:00,2,41
resume\index.html,7,html,2918a7ad,Dylan Berry,2025-10-16,16:19:09,-07:00,2025-10-16T16:19:09-07:00,2,48
resume\index.html,8,html,c3e8196c,Dylan Berry,2025-10-02,16:26:52,-07:00,2025-10-02T16:26:52-07:00,0,5
resume\index.html,9,html,c3e8196c,Dylan Berry,2025-10-02,16:26:52,-07:00,2025-10-02T16:26:52-07:00,0,4
resume\index.html,10,html,effe0a00,Dylan Berry,2025-10-09,17:21:09,-07:00,2025-10-09T17:21:09-07:00,2,0
resume\index.html,11,html,ad896134,Dylan Berry,2025-10-16,16:09:24,-07:00,2025-10-16T16:09:24-07:00,2,8
resume\index.html,12,html,2e49ca41,Dylan Berry,2025-10-09,17:26:25,-07:00,2025-10-09T17:26:25-07:00,4,74
resume\index.html,13,html,effe0a00,Dylan Berry,2025-10-09,17:21:09,-07:00,2025-10-09T17:21:09-07:00,4,87
resume\index.html,14,html,2e49ca41,Dylan Berry,2025-10-09,17:26:25,-07:00,2025-10-09T17:26:25-07:00,4,87
resume\index.html,15,html,effe0a00,Dylan Berry,2025-10-09,17:21:09,-07:00,2025-10-09T17:21:09-07:00,4,71
resume\index.html,16,html,ad896134,Dylan Berry,2025-10-16,16:09:24,-07:00,2025-10-16T16:09:24-07:00,4,83
resume\index.html,17,html,ad896134,Dylan Berry,2025-10-16,16:09:24,-07:00,2025-10-16T16:09:24-07:00,2,8
resume\index.html,18,html,e316f2ac,Dylan Berry,2025-10-02,16:37:14,-07:00,2025-10-02T16:37:14-07:00,2,18
resume\index.html,19,html,c3e8196c,Dylan Berry,2025-10-02,16:26:52,-07:00,2025-10-02T16:26:52-07:00,0,80
resume\index.html,20,html,c3e8196c,Dylan Berry,2025-10-02,16:26:52,-07:00,2025-10-02T16:26:52-07:00,0,0
resume\index.html,21,html,e316f2ac,Dylan Berry,2025-10-02,16:37:14,-07:00,2025-10-02T16:37:14-07:00,0,14
resume\index.html,22,html,c3e8196c,Dylan Berry,2025-10-02,16:26:52,-07:00,2025-10-02T16:26:52-07:00,0,286
resume\index.html,23,html,c3e8196c,Dylan Berry,2025-10-02,16:26:52,-07:00,2025-10-02T16:26:52-07:00,0,0
resume\index.html,24,html,997c6e84,Dylan Berry,2025-10-10,14:27:56,-07:00,2025-10-10T14:27:56-07:00,0,16
resume\index.html,25,html,e316f2ac,Dylan Berry,2025-10-02,16:37:14,-07:00,2025-10-02T16:37:14-07:00,0,76
resume\index.html,26,html,997c6e84,Dylan Berry,2025-10-10,14:27:56,-07:00,2025-10-10T14:27:56-07:00,0,87
resume\index.html,27,html,997c6e84,Dylan Berry,2025-10-10,14:27:56,-07:00,2025-10-10T14:27:56-07:00,0,70
resume\index.html,28,html,e316f2ac,Dylan Berry,2025-10-02,16:37:14,-07:00,2025-10-02T16:37:14-07:00,0,52
resume\index.html,29,html,997c6e84,Dylan Berry,2025-10-10,14:27:56,-07:00,2025-10-10T14:27:56-07:00,0,48
resume\index.html,30,html,997c6e84,Dylan Berry,2025-10-10,14:27:56,-07:00,2025-10-10T14:27:56-07:00,0,38
resume\index.html,31,html,e316f2ac,Dylan Berry,2025-10-02,16:37:14,-07:00,2025-10-02T16:37:14-07:00,0,51
resume\index.html,32,html,997c6e84,Dylan Berry,2025-10-10,14:27:56,-07:00,2025-10-10T14:27:56-07:00,0,60
resume\index.html,33,html,997c6e84,Dylan Berry,2025-10-10,14:27:56,-07:00,2025-10-10T14:27:56-07:00,0,118
resume\index.html,34,html,c3e8196c,Dylan Berry,2025-10-02,16:26:52,-07:00,2025-10-02T16:26:52-07:00,0,0
resume\index.html,35,html,e316f2ac,Dylan Berry,2025-10-02,16:37:14,-07:00,2025-10-02T16:37:14-07:00,0,22
resume\index.html,36,html,e316f2ac,Dylan Berry,2025-10-02,16:37:14,-07:00,2025-10-02T16:37:14-07:00,0,35
resume\index.html,37,html,997c6e84,Dylan Berry,2025-10-10,14:27:56,-07:00,2025-10-10T14:27:56-07:00,0,50
resume\index.html,38,html,997c6e84,Dylan Berry,2025-10-10,14:27:56,-07:00,2025-10-10T14:27:56-07:00,0,24
resume\index.html,39,html,e316f2ac,Dylan Berry,2025-10-02,16:37:14,-07:00,2025-10-02T16:37:14-07:00,0,49
resume\index.html,40,html,997c6e84,Dylan Berry,2025-10-10,14:27:56,-07:00,2025-10-10T14:27:56-07:00,0,50
resume\index.html,41,html,997c6e84,Dylan Berry,2025-10-10,14:27:56,-07:00,2025-10-10T14:27:56-07:00,0,118
resume\index.html,42,html,c3e8196c,Dylan Berry,2025-10-02,16:26:52,-07:00,2025-10-02T16:26:52-07:00,0,0
resume\index.html,43,html,e316f2ac,Dylan Berry,2025-10-02,16:37:14,-07:00,2025-10-02T16:37:14-07:00,0,13
resume\index.html,44,html,997c6e84,Dylan Berry,2025-10-10,14:27:56,-07:00,2025-10-10T14:27:56-07:00,0,80
resume\index.html,45,html,997c6e84,Dylan Berry,2025-10-10,14:27:56,-07:00,2025-10-10T14:27:56-07:00,0,57
resume\index.html,46,html,c3e8196c,Dylan Berry,2025-10-02,16:26:52,-07:00,2025-10-02T16:26:52-07:00,0,0
resume\index.html,47,html,e316f2ac,Dylan Berry,2025-10-02,16:37:14,-07:00,2025-10-02T16:37:14-07:00,0,13
resume\index.html,48,html,997c6e84,Dylan Berry,2025-10-10,14:27:56,-07:00,2025-10-10T14:27:56-07:00,0,59
resume\index.html,49,html,e316f2ac,Dylan Berry,2025-10-02,16:37:14,-07:00,2025-10-02T16:37:14-07:00,0,19
resume\index.html,50,html,c3e8196c,Dylan Berry,2025-10-02,16:26:52,-07:00,2025-10-02T16:26:52-07:00,0,35
resume\index.html,51,html,c3e8196c,Dylan Berry,2025-10-02,16:26:52,-07:00,2025-10-02T16:26:52-07:00,0,21
resume\index.html,52,html,c3e8196c,Dylan Berry,2025-10-02,16:26:52,-07:00,2025-10-02T16:26:52-07:00,0,22
resume\index.html,53,html,997c6e84,Dylan Berry,2025-10-10,14:27:56,-07:00,2025-10-10T14:27:56-07:00,0,32
resume\index.html,54,html,c3e8196c,Dylan Berry,2025-10-02,16:26:52,-07:00,2025-10-02T16:26:52-07:00,0,0
resume\index.html,55,html,c3e8196c,Dylan Berry,2025-10-02,16:26:52,-07:00,2025-10-02T16:26:52-07:00,0,5
resume\index.html,56,html,c3e8196c,Dylan Berry,2025-10-02,16:26:52,-07:00,2025-10-02T16:26:52-07:00,0,5
projects\projects.js,1,js,deffdbf4,Dylan Berry,2025-10-22,18:38:14,-07:00,2025-10-22T18:38:14-07:00,0,55
projects\projects.js,2,js,89d2ceb4,Dylan Berry,2025-10-31,18:34:39,-07:00,2025-10-31T18:34:39-07:00,0,63
projects\projects.js,3,js,deffdbf4,Dylan Berry,2025-10-22,18:38:14,-07:00,2025-10-22T18:38:14-07:00,0,0
projects\projects.js,4,js,89d2ceb4,Dylan Berry,2025-10-31,18:34:39,-07:00,2025-10-31T18:34:39-07:00,0,57
projects\projects.js,5,js,deffdbf4,Dylan Berry,2025-10-22,18:38:14,-07:00,2025-10-22T18:38:14-07:00,0,0
projects\projects.js,6,js,89d2ceb4,Dylan Berry,2025-10-31,18:34:39,-07:00,2025-10-31T18:34:39-07:00,0,55
projects\projects.js,7,js,deffdbf4,Dylan Berry,2025-10-22,18:38:14,-07:00,2025-10-22T18:38:14-07:00,0,60
projects\projects.js,8,js,89d2ceb4,Dylan Berry,2025-10-31,18:34:39,-07:00,2025-10-31T18:34:39-07:00,0,13
projects\projects.js,9,js,89d2ceb4,Dylan Berry,2025-10-31,18:34:39,-07:00,2025-10-31T18:34:39-07:00,0,0
projects\projects.js,10,js,89d2ceb4,Dylan Berry,2025-10-31,18:34:39,-07:00,2025-10-31T18:34:39-07:00,0,53
projects\projects.js,11,js,89d2ceb4,Dylan Berry,2025-10-31,18:34:39,-07:00,2025-10-31T18:34:39-07:00,0,0
projects\projects.js,12,js,89d2ceb4,Dylan Berry,2025-10-31,18:34:39,-07:00,2025-10-31T18:34:39-07:00,0,29
projects\projects.js,13,js,89d2ceb4,Dylan Berry,2025-10-31,18:34:39,-07:00,2025-10-31T18:34:39-07:00,0,56
projects\projects.js,14,js,89d2ceb4,Dylan Berry,2025-10-31,18:34:39,-07:00,2025-10-31T18:34:39-07:00,0,0
projects\projects.js,15,js,89d2ceb4,Dylan Berry,2025-10-31,18:34:39,-07:00,2025-10-31T18:34:39-07:00,2,24
projects\projects.js,16,js,89d2ceb4,Dylan Berry,2025-10-31,18:34:39,-07:00,2025-10-31T18:34:39-07:00,2,32
projects\projects.js,17,js,89d2ceb4,Dylan Berry,2025-10-31,18:34:39,-07:00,2025-10-31T18:34:39-07:00,2,0
projects\projects.js,18,js,89d2ceb4,Dylan Berry,2025-10-31,18:34:39,-07:00,2025-10-31T18:34:39-07:00,2,26
projects\projects.js,19,js,89d2ceb4,Dylan Berry,2025-10-31,18:34:39,-07:00,2025-10-31T18:34:39-07:00,4,15
projects\projects.js,20,js,89d2ceb4,Dylan Berry,2025-10-31,18:34:39,-07:00,2025-10-31T18:34:39-07:00,4,14
projects\projects.js,21,js,89d2ceb4,Dylan Berry,2025-10-31,18:34:39,-07:00,2025-10-31T18:34:39-07:00,4,12
projects\projects.js,22,js,89d2ceb4,Dylan Berry,2025-10-31,18:34:39,-07:00,2025-10-31T18:34:39-07:00,2,0
projects\projects.js,23,js,89d2ceb4,Dylan Berry,2025-10-31,18:34:39,-07:00,2025-10-31T18:34:39-07:00,0,0
projects\projects.js,24,js,89d2ceb4,Dylan Berry,2025-10-31,18:34:39,-07:00,2025-10-31T18:34:39-07:00,2,44
projects\projects.js,25,js,89d2ceb4,Dylan Berry,2025-10-31,18:34:39,-07:00,2025-10-31T18:34:39-07:00,4,34
projects\projects.js,26,js,89d2ceb4,Dylan Berry,2025-10-31,18:34:39,-07:00,2025-10-31T18:34:39-07:00,2,1
projects\projects.js,27,js,89d2ceb4,Dylan Berry,2025-10-31,18:34:39,-07:00,2025-10-31T18:34:39-07:00,0,0
projects\projects.js,28,js,89d2ceb4,Dylan Berry,2025-10-31,18:34:39,-07:00,2025-10-31T18:34:39-07:00,0,0
projects\projects.js,29,js,89d2ceb4,Dylan Berry,2025-10-31,18:34:39,-07:00,2025-10-31T18:34:39-07:00,2,47
projects\projects.js,30,js,89d2ceb4,Dylan Berry,2025-10-31,18:34:39,-07:00,2025-10-31T18:34:39-07:00,0,0
projects\projects.js,31,js,89d2ceb4,Dylan Berry,2025-10-31,18:34:39,-07:00,2025-10-31T18:34:39-07:00,2,50
projects\projects.js,32,js,89d2ceb4,Dylan Berry,2025-10-31,18:34:39,-07:00,2025-10-31T18:34:39-07:00,2,33
projects\projects.js,33,js,89d2ceb4,Dylan Berry,2025-10-31,18:34:39,-07:00,2025-10-31T18:34:39-07:00,2,45
projects\projects.js,34,js,89d2ceb4,Dylan Berry,2025-10-31,18:34:39,-07:00,2025-10-31T18:34:39-07:00,0,0
projects\projects.js,35,js,89d2ceb4,Dylan Berry,2025-10-31,18:34:39,-07:00,2025-10-31T18:34:39-07:00,0,0
projects\projects.js,36,js,89d2ceb4,Dylan Berry,2025-10-31,18:34:39,-07:00,2025-10-31T18:34:39-07:00,2,26
projects\projects.js,37,js,89d2ceb4,Dylan Berry,2025-10-31,18:34:39,-07:00,2025-10-31T18:34:39-07:00,4,56
projects\projects.js,38,js,89d2ceb4,Dylan Berry,2025-10-31,18:34:39,-07:00,2025-10-31T18:34:39-07:00,2,1
projects\projects.js,39,js,89d2ceb4,Dylan Berry,2025-10-31,18:34:39,-07:00,2025-10-31T18:34:39-07:00,0,0
projects\projects.js,40,js,89d2ceb4,Dylan Berry,2025-10-31,18:34:39,-07:00,2025-10-31T18:34:39-07:00,2,0
projects\projects.js,41,js,89d2ceb4,Dylan Berry,2025-10-31,18:34:39,-07:00,2025-10-31T18:34:39-07:00,2,24
projects\projects.js,42,js,89d2ceb4,Dylan Berry,2025-10-31,18:34:39,-07:00,2025-10-31T18:34:39-07:00,2,4
projects\projects.js,43,js,89d2ceb4,Dylan Berry,2025-10-31,18:34:39,-07:00,2025-10-31T18:34:39-07:00,4,11
projects\projects.js,44,js,89d2ceb4,Dylan Berry,2025-10-31,18:34:39,-07:00,2025-10-31T18:34:39-07:00,4,27
projects\projects.js,45,js,89d2ceb4,Dylan Berry,2025-10-31,18:34:39,-07:00,2025-10-31T18:34:39-07:00,4,93
projects\projects.js,46,js,89d2ceb4,Dylan Berry,2025-10-31,18:34:39,-07:00,2025-10-31T18:34:39-07:00,4,100
projects\projects.js,47,js,89d2ceb4,Dylan Berry,2025-10-31,18:34:39,-07:00,2025-10-31T18:34:39-07:00,2,1
projects\projects.js,48,js,89d2ceb4,Dylan Berry,2025-10-31,18:34:39,-07:00,2025-10-31T18:34:39-07:00,0,0
projects\projects.js,49,js,89d2ceb4,Dylan Berry,2025-10-31,18:34:39,-07:00,2025-10-31T18:34:39-07:00,0,0
projects\projects.js,50,js,89d2ceb4,Dylan Berry,2025-10-31,18:34:39,-07:00,2025-10-31T18:34:39-07:00,0,49
projects\projects.js,51,js,89d2ceb4,Dylan Berry,2025-10-31,18:34:39,-07:00,2025-10-31T18:34:39-07:00,1,19
projects\projects.js,52,js,89d2ceb4,Dylan Berry,2025-10-31,18:34:39,-07:00,2025-10-31T18:34:39-07:00,1,25
projects\projects.js,53,js,89d2ceb4,Dylan Berry,2025-10-31,18:34:39,-07:00,2025-10-31T18:34:39-07:00,1,26
projects\projects.js,54,js,89d2ceb4,Dylan Berry,2025-10-31,18:34:39,-07:00,2025-10-31T18:34:39-07:00,2,65
projects\projects.js,55,js,89d2ceb4,Dylan Berry,2025-10-31,18:34:39,-07:00,2025-10-31T18:34:39-07:00,4,59
projects\projects.js,56,js,89d2ceb4,Dylan Berry,2025-10-31,18:34:39,-07:00,2025-10-31T18:34:39-07:00,4,42
projects\projects.js,57,js,89d2ceb4,Dylan Berry,2025-10-31,18:34:39,-07:00,2025-10-31T18:34:39-07:00,2,1
projects\projects.js,58,js,89d2ceb4,Dylan Berry,2025-10-31,18:34:39,-07:00,2025-10-31T18:34:39-07:00,0,0
projects\projects.js,59,js,89d2ceb4,Dylan Berry,2025-10-31,18:34:39,-07:00,2025-10-31T18:34:39-07:00,1,31
projects\projects.js,60,js,89d2ceb4,Dylan Berry,2025-10-31,18:34:39,-07:00,2025-10-31T18:34:39-07:00,1,62
projects\projects.js,61,js,89d2ceb4,Dylan Berry,2025-10-31,18:34:39,-07:00,2025-10-31T18:34:39-07:00,2,0
projects\projects.js,62,js,89d2ceb4,Dylan Berry,2025-10-31,18:34:39,-07:00,2025-10-31T18:34:39-07:00,2,0
projects\projects.js,63,js,89d2ceb4,Dylan Berry,2025-10-31,18:34:39,-07:00,2025-10-31T18:34:39-07:00,0,1
projects\projects.js,64,js,89d2ceb4,Dylan Berry,2025-10-31,18:34:39,-07:00,2025-10-31T18:34:39-07:00,0,0
projects\projects.js,65,js,89d2ceb4,Dylan Berry,2025-10-31,18:34:39,-07:00,2025-10-31T18:34:39-07:00,0,21
projects\projects.js,66,js,89d2ceb4,Dylan Berry,2025-10-31,18:34:39,-07:00,2025-10-31T18:34:39-07:00,0,0
projects\projects.js,67,js,89d2ceb4,Dylan Berry,2025-10-31,18:34:39,-07:00,2025-10-31T18:34:39-07:00,0,0
projects\projects.js,68,js,89d2ceb4,Dylan Berry,2025-10-31,18:34:39,-07:00,2025-10-31T18:34:39-07:00,0,29
projects\projects.js,69,js,89d2ceb4,Dylan Berry,2025-10-31,18:34:39,-07:00,2025-10-31T18:34:39-07:00,0,0
projects\projects.js,70,js,89d2ceb4,Dylan Berry,2025-10-31,18:34:39,-07:00,2025-10-31T18:34:39-07:00,0,24
projects\projects.js,71,js,89d2ceb4,Dylan Berry,2025-10-31,18:34:39,-07:00,2025-10-31T18:34:39-07:00,1,1
projects\projects.js,72,js,89d2ceb4,Dylan Berry,2025-10-31,18:34:39,-07:00,2025-10-31T18:34:39-07:00,2,13
projects\projects.js,73,js,89d2ceb4,Dylan Berry,2025-10-31,18:34:39,-07:00,2025-10-31T18:34:39-07:00,2,13
projects\projects.js,74,js,89d2ceb4,Dylan Berry,2025-10-31,18:34:39,-07:00,2025-10-31T18:34:39-07:00,2,22
projects\projects.js,75,js,89d2ceb4,Dylan Berry,2025-10-31,18:34:39,-07:00,2025-10-31T18:34:39-07:00,2,18
projects\projects.js,76,js,89d2ceb4,Dylan Berry,2025-10-31,18:34:39,-07:00,2025-10-31T18:34:39-07:00,3,43
projects\projects.js,77,js,89d2ceb4,Dylan Berry,2025-10-31,18:34:39,-07:00,2025-10-31T18:34:39-07:00,4,1
projects\projects.js,78,js,89d2ceb4,Dylan Berry,2025-10-31,18:34:39,-07:00,2025-10-31T18:34:39-07:00,4,16
projects\projects.js,79,js,89d2ceb4,Dylan Berry,2025-10-31,18:34:39,-07:00,2025-10-31T18:34:39-07:00,4,26
projects\projects.js,80,js,89d2ceb4,Dylan Berry,2025-10-31,18:34:39,-07:00,2025-10-31T18:34:39-07:00,4,37
projects\projects.js,81,js,89d2ceb4,Dylan Berry,2025-10-31,18:34:39,-07:00,2025-10-31T18:34:39-07:00,4,1
projects\projects.js,82,js,89d2ceb4,Dylan Berry,2025-10-31,18:34:39,-07:00,2025-10-31T18:34:39-07:00,4,63
projects\projects.js,83,js,89d2ceb4,Dylan Berry,2025-10-31,18:34:39,-07:00,2025-10-31T18:34:39-07:00,4,43
projects\projects.js,84,js,89d2ceb4,Dylan Berry,2025-10-31,18:34:39,-07:00,2025-10-31T18:34:39-07:00,2,0
projects\projects.js,85,js,89d2ceb4,Dylan Berry,2025-10-31,18:34:39,-07:00,2025-10-31T18:34:39-07:00,2,25
projects\projects.js,86,js,89d2ceb4,Dylan Berry,2025-10-31,18:34:39,-07:00,2025-10-31T18:34:39-07:00,4,48
projects\projects.js,87,js,89d2ceb4,Dylan Berry,2025-10-31,18:34:39,-07:00,2025-10-31T18:34:39-07:00,2,6
projects\projects.js,88,js,89d2ceb4,Dylan Berry,2025-10-31,18:34:39,-07:00,2025-10-31T18:34:39-07:00,4,0
projects\projects.js,89,js,89d2ceb4,Dylan Berry,2025-10-31,18:34:39,-07:00,2025-10-31T18:34:39-07:00,4,47
projects\projects.js,90,js,89d2ceb4,Dylan Berry,2025-10-31,18:34:39,-07:00,2025-10-31T18:34:39-07:00,6,0
projects\projects.js,91,js,89d2ceb4,Dylan Berry,2025-10-31,18:34:39,-07:00,2025-10-31T18:34:39-07:00,6,50
projects\projects.js,92,js,89d2ceb4,Dylan Berry,2025-10-31,18:34:39,-07:00,2025-10-31T18:34:39-07:00,4,0
projects\projects.js,93,js,89d2ceb4,Dylan Berry,2025-10-31,18:34:39,-07:00,2025-10-31T18:34:39-07:00,4,56
projects\projects.js,94,js,89d2ceb4,Dylan Berry,2025-10-31,18:34:39,-07:00,2025-10-31T18:34:39-07:00,2,0
projects\projects.js,95,js,89d2ceb4,Dylan Berry,2025-10-31,18:34:39,-07:00,2025-10-31T18:34:39-07:00,0,0
projects\projects.js,96,js,89d2ceb4,Dylan Berry,2025-10-31,18:34:39,-07:00,2025-10-31T18:34:39-07:00,2,1
projects\projects.js,97,js,89d2ceb4,Dylan Berry,2025-10-31,18:34:39,-07:00,2025-10-31T18:34:39-07:00,2,0
projects\projects.js,98,js,89d2ceb4,Dylan Berry,2025-10-31,18:34:39,-07:00,2025-10-31T18:34:39-07:00,2,0
projects\projects.js,99,js,89d2ceb4,Dylan Berry,2025-10-31,18:34:39,-07:00,2025-10-31T18:34:39-07:00,0,0
projects\projects.js,100,js,89d2ceb4,Dylan Berry,2025-10-31,18:34:39,-07:00,2025-10-31T18:34:39-07:00,0,1
projects\projects.js,101,js,89d2ceb4,Dylan Berry,2025-10-31,18:34:39,-07:00,2025-10-31T18:34:39-07:00,0,0
projects\projects.js,102,js,89d2ceb4,Dylan Berry,2025-10-31,18:34:39,-07:00,2025-10-31T18:34:39-07:00,0,0
projects\projects.js,103,js,89d2ceb4,Dylan Berry,2025-10-31,18:34:39,-07:00,2025-10-31T18:34:39-07:00,0,0
projects\projects.js,104,js,89d2ceb4,Dylan Berry,2025-10-31,18:34:39,-07:00,2025-10-31T18:34:39-07:00,0,0
projects\projects.js,105,js,89d2ceb4,Dylan Berry,2025-10-31,18:34:39,-07:00,2025-10-31T18:34:39-07:00,0,0
projects\projects.js,106,js,89d2ceb4,Dylan Berry,2025-10-31,18:34:39,-07:00,2025-10-31T18:34:39-07:00,0,0
projects\projects.js,107,js,89d2ceb4,Dylan Berry,2025-10-31,18:34:39,-07:00,2025-10-31T18:34:39-07:00,0,0
projects\projects.js,108,js,89d2ceb4,Dylan Berry,2025-10-31,18:34:39,-07:00,2025-10-31T18:34:39-07:00,0,0
projects\projects.js,109,js,89d2ceb4,Dylan Berry,2025-10-31,18:34:39,-07:00,2025-10-31T18:34:39-07:00,0,0
projects\projects.js,110,js,89d2ceb4,Dylan Berry,2025-10-31,18:34:39,-07:00,2025-10-31T18:34:39-07:00,0,0
projects\projects.js,111,js,89d2ceb4,Dylan Berry,2025-10-31,18:34:39,-07:00,2025-10-31T18:34:39-07:00,0,0
projects\projects.js,112,js,89d2ceb4,Dylan Berry,2025-10-31,18:34:39,-07:00,2025-10-31T18:34:39-07:00,0,0
projects\projects.js,113,js,deffdbf4,Dylan Berry,2025-10-22,18:38:14,-07:00,2025-10-22T18:38:14-07:00,0,0
projects\projects.js,114,js,deffdbf4,Dylan Berry,2025-10-22,18:38:14,-07:00,2025-10-22T18:38:14-07:00,0,0
projects\projects.js,115,js,deffdbf4,Dylan Berry,2025-10-22,18:38:14,-07:00,2025-10-22T18:38:14-07:00,0,0
projects\index.html,1,html,59ee66f4,Dylan Berry,2025-10-02,15:41:19,-07:00,2025-10-02T15:41:19-07:00,0,13
projects\index.html,2,html,59ee66f4,Dylan Berry,2025-10-02,15:41:19,-07:00,2025-10-02T15:41:19-07:00,0,4
projects\index.html,3,html,59ee66f4,Dylan Berry,2025-10-02,15:41:19,-07:00,2025-10-02T15:41:19-07:00,0,4
projects\index.html,4,html,59ee66f4,Dylan Berry,2025-10-02,15:41:19,-07:00,2025-10-02T15:41:19-07:00,2,22
projects\index.html,5,html,59ee66f4,Dylan Berry,2025-10-02,15:41:19,-07:00,2025-10-02T15:41:19-07:00,2,39
projects\index.html,6,html,a991de2e,Dylan Berry,2025-10-09,17:55:32,-07:00,2025-10-09T17:55:32-07:00,2,41
projects\index.html,7,html,2918a7ad,Dylan Berry,2025-10-16,16:19:09,-07:00,2025-10-16T16:19:09-07:00,2,48
projects\index.html,8,html,deffdbf4,Dylan Berry,2025-10-22,18:38:14,-07:00,2025-10-22T18:38:14-07:00,2,48
projects\index.html,9,html,deffdbf4,Dylan Berry,2025-10-22,18:38:14,-07:00,2025-10-22T18:38:14-07:00,2,47
projects\index.html,10,html,deffdbf4,Dylan Berry,2025-10-22,18:38:14,-07:00,2025-10-22T18:38:14-07:00,0,0
projects\index.html,11,html,59ee66f4,Dylan Berry,2025-10-02,15:41:19,-07:00,2025-10-02T15:41:19-07:00,0,5
projects\index.html,12,html,59ee66f4,Dylan Berry,2025-10-02,15:41:19,-07:00,2025-10-02T15:41:19-07:00,0,4
projects\index.html,13,html,89d2ceb4,Dylan Berry,2025-10-31,18:34:39,-07:00,2025-10-31T18:34:39-07:00,2,0
projects\index.html,14,html,ad896134,Dylan Berry,2025-10-16,16:09:24,-07:00,2025-10-16T16:09:24-07:00,2,8
projects\index.html,15,html,2e49ca41,Dylan Berry,2025-10-09,17:26:25,-07:00,2025-10-09T17:26:25-07:00,4,74
projects\index.html,16,html,ad896134,Dylan Berry,2025-10-16,16:09:24,-07:00,2025-10-16T16:09:24-07:00,4,87
projects\index.html,17,html,b931aa7e,Dylan Berry,2025-10-02,15:59:28,-07:00,2025-10-02T15:59:28-07:00,4,87
projects\index.html,18,html,d0bedffd,Dylan Berry,2025-10-02,16:11:31,-07:00,2025-10-02T16:11:31-07:00,4,71
projects\index.html,19,html,2e49ca41,Dylan Berry,2025-10-09,17:26:25,-07:00,2025-10-09T17:26:25-07:00,4,83
projects\index.html,20,html,ad896134,Dylan Berry,2025-10-16,16:09:24,-07:00,2025-10-16T16:09:24-07:00,2,8
projects\index.html,21,html,deffdbf4,Dylan Berry,2025-10-22,18:38:14,-07:00,2025-10-22T18:38:14-07:00,2,80
projects\index.html,22,html,89d2ceb4,Dylan Berry,2025-10-31,18:34:39,-07:00,2025-10-31T18:34:39-07:00,2,21
projects\index.html,23,html,89d2ceb4,Dylan Berry,2025-10-31,18:34:39,-07:00,2025-10-31T18:34:39-07:00,2,52
projects\index.html,24,html,89d2ceb4,Dylan Berry,2025-10-31,18:34:39,-07:00,2025-10-31T18:34:39-07:00,4,0
projects\index.html,25,html,89d2ceb4,Dylan Berry,2025-10-31,18:34:39,-07:00,2025-10-31T18:34:39-07:00,2,4
projects\index.html,26,html,89d2ceb4,Dylan Berry,2025-10-31,18:34:39,-07:00,2025-10-31T18:34:39-07:00,2,22
projects\index.html,27,html,89d2ceb4,Dylan Berry,2025-10-31,18:34:39,-07:00,2025-10-31T18:34:39-07:00,2,4
projects\index.html,28,html,89d2ceb4,Dylan Berry,2025-10-31,18:34:39,-07:00,2025-10-31T18:34:39-07:00,2,4
projects\index.html,29,html,89d2ceb4,Dylan Berry,2025-10-31,18:34:39,-07:00,2025-10-31T18:34:39-07:00,4,15
projects\index.html,30,html,89d2ceb4,Dylan Berry,2025-10-31,18:34:39,-07:00,2025-10-31T18:34:39-07:00,4,11
projects\index.html,31,html,89d2ceb4,Dylan Berry,2025-10-31,18:34:39,-07:00,2025-10-31T18:34:39-07:00,4,26
projects\index.html,32,html,89d2ceb4,Dylan Berry,2025-10-31,18:34:39,-07:00,2025-10-31T18:34:39-07:00,4,31
projects\index.html,33,html,89d2ceb4,Dylan Berry,2025-10-31,18:34:39,-07:00,2025-10-31T18:34:39-07:00,2,0
projects\index.html,34,html,89d2ceb4,Dylan Berry,2025-10-31,18:34:39,-07:00,2025-10-31T18:34:39-07:00,0,0
projects\index.html,35,html,deffdbf4,Dylan Berry,2025-10-22,18:38:14,-07:00,2025-10-22T18:38:14-07:00,2,20
projects\index.html,36,html,deffdbf4,Dylan Berry,2025-10-22,18:38:14,-07:00,2025-10-22T18:38:14-07:00,3,12
projects\index.html,37,html,88008279,Dylan Berry,2025-10-10,14:16:58,-07:00,2025-10-10T14:16:58-07:00,6,29
projects\index.html,38,html,88008279,Dylan Berry,2025-10-10,14:16:58,-07:00,2025-10-10T14:16:58-07:00,6,70
projects\index.html,39,html,88008279,Dylan Berry,2025-10-10,14:16:58,-07:00,2025-10-10T14:16:58-07:00,6,220
projects\index.html,40,html,88008279,Dylan Berry,2025-10-10,14:16:58,-07:00,2025-10-10T14:16:58-07:00,4,8
projects\index.html,41,html,88008279,Dylan Berry,2025-10-10,14:16:58,-07:00,2025-10-10T14:16:58-07:00,4,7
projects\index.html,42,html,88008279,Dylan Berry,2025-10-10,14:16:58,-07:00,2025-10-10T14:16:58-07:00,6,30
projects\index.html,43,html,88008279,Dylan Berry,2025-10-10,14:16:58,-07:00,2025-10-10T14:16:58-07:00,6,70
projects\index.html,44,html,88008279,Dylan Berry,2025-10-10,14:16:58,-07:00,2025-10-10T14:16:58-07:00,6,229
projects\index.html,45,html,88008279,Dylan Berry,2025-10-10,14:16:58,-07:00,2025-10-10T14:16:58-07:00,4,8
projects\index.html,46,html,88008279,Dylan Berry,2025-10-10,14:16:58,-07:00,2025-10-10T14:16:58-07:00,4,7
projects\index.html,47,html,88008279,Dylan Berry,2025-10-10,14:16:58,-07:00,2025-10-10T14:16:58-07:00,6,46
projects\index.html,48,html,88008279,Dylan Berry,2025-10-10,14:16:58,-07:00,2025-10-10T14:16:58-07:00,6,70
projects\index.html,49,html,88008279,Dylan Berry,2025-10-10,14:16:58,-07:00,2025-10-10T14:16:58-07:00,6,199
projects\index.html,50,html,88008279,Dylan Berry,2025-10-10,14:16:58,-07:00,2025-10-10T14:16:58-07:00,4,8
projects\index.html,51,html,88008279,Dylan Berry,2025-10-10,14:16:58,-07:00,2025-10-10T14:16:58-07:00,4,7
projects\index.html,52,html,88008279,Dylan Berry,2025-10-10,14:16:58,-07:00,2025-10-10T14:16:58-07:00,6,37
projects\index.html,53,html,88008279,Dylan Berry,2025-10-10,14:16:58,-07:00,2025-10-10T14:16:58-07:00,6,70
projects\index.html,54,html,88008279,Dylan Berry,2025-10-10,14:16:58,-07:00,2025-10-10T14:16:58-07:00,6,225
projects\index.html,55,html,88008279,Dylan Berry,2025-10-10,14:16:58,-07:00,2025-10-10T14:16:58-07:00,4,8
projects\index.html,56,html,88008279,Dylan Berry,2025-10-10,14:16:58,-07:00,2025-10-10T14:16:58-07:00,4,7
projects\index.html,57,html,88008279,Dylan Berry,2025-10-10,14:16:58,-07:00,2025-10-10T14:16:58-07:00,6,43
projects\index.html,58,html,88008279,Dylan Berry,2025-10-10,14:16:58,-07:00,2025-10-10T14:16:58-07:00,6,70
projects\index.html,59,html,88008279,Dylan Berry,2025-10-10,14:16:58,-07:00,2025-10-10T14:16:58-07:00,6,239
projects\index.html,60,html,88008279,Dylan Berry,2025-10-10,14:16:58,-07:00,2025-10-10T14:16:58-07:00,4,8
projects\index.html,61,html,88008279,Dylan Berry,2025-10-10,14:16:58,-07:00,2025-10-10T14:16:58-07:00,4,7
projects\index.html,62,html,88008279,Dylan Berry,2025-10-10,14:16:58,-07:00,2025-10-10T14:16:58-07:00,6,36
projects\index.html,63,html,88008279,Dylan Berry,2025-10-10,14:16:58,-07:00,2025-10-10T14:16:58-07:00,6,70
projects\index.html,64,html,88008279,Dylan Berry,2025-10-10,14:16:58,-07:00,2025-10-10T14:16:58-07:00,6,225
projects\index.html,65,html,88008279,Dylan Berry,2025-10-10,14:16:58,-07:00,2025-10-10T14:16:58-07:00,4,8
projects\index.html,66,html,88008279,Dylan Berry,2025-10-10,14:16:58,-07:00,2025-10-10T14:16:58-07:00,4,7
projects\index.html,67,html,88008279,Dylan Berry,2025-10-10,14:16:58,-07:00,2025-10-10T14:16:58-07:00,6,45
projects\index.html,68,html,88008279,Dylan Berry,2025-10-10,14:16:58,-07:00,2025-10-10T14:16:58-07:00,6,70
projects\index.html,69,html,88008279,Dylan Berry,2025-10-10,14:16:58,-07:00,2025-10-10T14:16:58-07:00,6,243
projects\index.html,70,html,88008279,Dylan Berry,2025-10-10,14:16:58,-07:00,2025-10-10T14:16:58-07:00,4,8
projects\index.html,71,html,88008279,Dylan Berry,2025-10-10,14:16:58,-07:00,2025-10-10T14:16:58-07:00,4,7
projects\index.html,72,html,88008279,Dylan Berry,2025-10-10,14:16:58,-07:00,2025-10-10T14:16:58-07:00,6,37
projects\index.html,73,html,88008279,Dylan Berry,2025-10-10,14:16:58,-07:00,2025-10-10T14:16:58-07:00,6,70
projects\index.html,74,html,88008279,Dylan Berry,2025-10-10,14:16:58,-07:00,2025-10-10T14:16:58-07:00,6,227
projects\index.html,75,html,88008279,Dylan Berry,2025-10-10,14:16:58,-07:00,2025-10-10T14:16:58-07:00,4,8
projects\index.html,76,html,88008279,Dylan Berry,2025-10-10,14:16:58,-07:00,2025-10-10T14:16:58-07:00,4,7
projects\index.html,77,html,88008279,Dylan Berry,2025-10-10,14:16:58,-07:00,2025-10-10T14:16:58-07:00,6,39
projects\index.html,78,html,88008279,Dylan Berry,2025-10-10,14:16:58,-07:00,2025-10-10T14:16:58-07:00,6,70
projects\index.html,79,html,88008279,Dylan Berry,2025-10-10,14:16:58,-07:00,2025-10-10T14:16:58-07:00,6,255
projects\index.html,80,html,88008279,Dylan Berry,2025-10-10,14:16:58,-07:00,2025-10-10T14:16:58-07:00,4,8
projects\index.html,81,html,88008279,Dylan Berry,2025-10-10,14:16:58,-07:00,2025-10-10T14:16:58-07:00,4,7
projects\index.html,82,html,88008279,Dylan Berry,2025-10-10,14:16:58,-07:00,2025-10-10T14:16:58-07:00,6,36
projects\index.html,83,html,88008279,Dylan Berry,2025-10-10,14:16:58,-07:00,2025-10-10T14:16:58-07:00,6,70
projects\index.html,84,html,88008279,Dylan Berry,2025-10-10,14:16:58,-07:00,2025-10-10T14:16:58-07:00,6,250
projects\index.html,85,html,88008279,Dylan Berry,2025-10-10,14:16:58,-07:00,2025-10-10T14:16:58-07:00,4,8
projects\index.html,86,html,88008279,Dylan Berry,2025-10-10,14:16:58,-07:00,2025-10-10T14:16:58-07:00,4,7
projects\index.html,87,html,88008279,Dylan Berry,2025-10-10,14:16:58,-07:00,2025-10-10T14:16:58-07:00,6,40
projects\index.html,88,html,88008279,Dylan Berry,2025-10-10,14:16:58,-07:00,2025-10-10T14:16:58-07:00,6,70
projects\index.html,89,html,88008279,Dylan Berry,2025-10-10,14:16:58,-07:00,2025-10-10T14:16:58-07:00,6,236
projects\index.html,90,html,88008279,Dylan Berry,2025-10-10,14:16:58,-07:00,2025-10-10T14:16:58-07:00,4,8
projects\index.html,91,html,88008279,Dylan Berry,2025-10-10,14:16:58,-07:00,2025-10-10T14:16:58-07:00,4,7
projects\index.html,92,html,88008279,Dylan Berry,2025-10-10,14:16:58,-07:00,2025-10-10T14:16:58-07:00,6,37
projects\index.html,93,html,88008279,Dylan Berry,2025-10-10,14:16:58,-07:00,2025-10-10T14:16:58-07:00,6,70
projects\index.html,94,html,88008279,Dylan Berry,2025-10-10,14:16:58,-07:00,2025-10-10T14:16:58-07:00,6,220
projects\index.html,95,html,deffdbf4,Dylan Berry,2025-10-22,18:38:14,-07:00,2025-10-22T18:38:14-07:00,4,12
projects\index.html,96,html,88008279,Dylan Berry,2025-10-10,14:16:58,-07:00,2025-10-10T14:16:58-07:00,2,4
projects\index.html,97,html,effe0a00,Dylan Berry,2025-10-09,17:21:09,-07:00,2025-10-09T17:21:09-07:00,2,0
projects\index.html,98,html,59ee66f4,Dylan Berry,2025-10-02,15:41:19,-07:00,2025-10-02T15:41:19-07:00,0,5
projects\index.html,99,html,59ee66f4,Dylan Berry,2025-10-02,15:41:19,-07:00,2025-10-02T15:41:19-07:00,0,5
contacts\index.html,1,html,59ee66f4,Dylan Berry,2025-10-02,15:41:19,-07:00,2025-10-02T15:41:19-07:00,0,13
contacts\index.html,2,html,59ee66f4,Dylan Berry,2025-10-02,15:41:19,-07:00,2025-10-02T15:41:19-07:00,0,4
contacts\index.html,3,html,59ee66f4,Dylan Berry,2025-10-02,15:41:19,-07:00,2025-10-02T15:41:19-07:00,0,4
contacts\index.html,4,html,59ee66f4,Dylan Berry,2025-10-02,15:41:19,-07:00,2025-10-02T15:41:19-07:00,2,22
contacts\index.html,5,html,59ee66f4,Dylan Berry,2025-10-02,15:41:19,-07:00,2025-10-02T15:41:19-07:00,2,39
contacts\index.html,6,html,a991de2e,Dylan Berry,2025-10-09,17:55:32,-07:00,2025-10-09T17:55:32-07:00,2,41
contacts\index.html,7,html,2918a7ad,Dylan Berry,2025-10-16,16:19:09,-07:00,2025-10-16T16:19:09-07:00,2,48
contacts\index.html,8,html,59ee66f4,Dylan Berry,2025-10-02,15:41:19,-07:00,2025-10-02T15:41:19-07:00,0,5
contacts\index.html,9,html,59ee66f4,Dylan Berry,2025-10-02,15:41:19,-07:00,2025-10-02T15:41:19-07:00,0,4
contacts\index.html,10,html,ad896134,Dylan Berry,2025-10-16,16:09:24,-07:00,2025-10-16T16:09:24-07:00,2,8
contacts\index.html,11,html,effe0a00,Dylan Berry,2025-10-09,17:21:09,-07:00,2025-10-09T17:21:09-07:00,4,74
contacts\index.html,12,html,2e49ca41,Dylan Berry,2025-10-09,17:26:25,-07:00,2025-10-09T17:26:25-07:00,4,87
contacts\index.html,13,html,ad896134,Dylan Berry,2025-10-16,16:09:24,-07:00,2025-10-16T16:09:24-07:00,4,87
contacts\index.html,14,html,effe0a00,Dylan Berry,2025-10-09,17:21:09,-07:00,2025-10-09T17:21:09-07:00,4,71
contacts\index.html,15,html,2e49ca41,Dylan Berry,2025-10-09,17:26:25,-07:00,2025-10-09T17:26:25-07:00,4,83
contacts\index.html,16,html,ad896134,Dylan Berry,2025-10-16,16:09:24,-07:00,2025-10-16T16:09:24-07:00,2,8
contacts\index.html,17,html,59ee66f4,Dylan Berry,2025-10-02,15:41:19,-07:00,2025-10-02T15:41:19-07:00,2,84
contacts\index.html,18,html,d0bedffd,Dylan Berry,2025-10-02,16:11:31,-07:00,2025-10-02T16:11:31-07:00,2,0
contacts\index.html,19,html,d0bedffd,Dylan Berry,2025-10-02,16:11:31,-07:00,2025-10-02T16:11:31-07:00,2,78
contacts\index.html,20,html,917737fd,Dylan Berry,2025-10-02,16:14:14,-07:00,2025-10-02T16:14:14-07:00,4,51
contacts\index.html,21,html,917737fd,Dylan Berry,2025-10-02,16:14:14,-07:00,2025-10-02T16:14:14-07:00,4,42
contacts\index.html,22,html,917737fd,Dylan Berry,2025-10-02,16:14:14,-07:00,2025-10-02T16:14:14-07:00,4,50
contacts\index.html,23,html,917737fd,Dylan Berry,2025-10-02,16:14:14,-07:00,2025-10-02T16:14:14-07:00,4,21
contacts\index.html,24,html,d0bedffd,Dylan Berry,2025-10-02,16:11:31,-07:00,2025-10-02T16:11:31-07:00,2,5
contacts\index.html,25,html,d0bedffd,Dylan Berry,2025-10-02,16:11:31,-07:00,2025-10-02T16:11:31-07:00,2,0
contacts\index.html,26,html,effe0a00,Dylan Berry,2025-10-09,17:21:09,-07:00,2025-10-09T17:21:09-07:00,2,0
contacts\index.html,27,html,59ee66f4,Dylan Berry,2025-10-02,15:41:19,-07:00,2025-10-02T15:41:19-07:00,0,5
contacts\index.html,28,html,59ee66f4,Dylan Berry,2025-10-02,15:41:19,-07:00,2025-10-02T15:41:19-07:00,0,5
